TargetHead;FamilyID;TargetHeadRelativeMax;Sex;Height;Mass;BMI;DebutAge;Cirrhosis;ChildPugh;Advanced;Activity;KKF;F2;F5;F7;F13;ITGA2;ITGB3;PAI_1;FGB;MTHFR_677;MTHFR_1298;DebutLiver;DebutNeuro;DebutKidney;DebutEndocr;DebutSibs;DebutVasku;DebutGemAnem;DebutSelez;DebutOther
0;1;NA;1;1.84;82;24.2202268431002;25;2;1;1;1;0;GG;GG;GA;GG;CT;TT;5G5G;GG;TT;AA;1;0;0;0;0;0;0;0;1
0;2;NA;2;1.71;57;19.4931773879142;19;2;3;2;1;1;GG;GG;GG;GG;CC;TT;5G4G;GA;CC;AC;0;0;0;0;0;1;0;0;0
0;3;NA;1;1.8;70;21.6049382716049;14;2;2;2;1;1;GG;GG;GA;GG;CC;TT;4G4G;GG;CT;AC;1;0;0;0;0;0;0;0;0
1;4;0;2;1.66;50;18.1448686311511;23;2;2;2;1;1;GG;GG;GG;GT;CT;TC;5G4G;GA;CT;AA;1;1;0;0;0;0;0;0;0
0;4;1;1;1.78;69;21.7775533392248;9;1;0;0;1;0;GG;GG;GG;GT;TT;TC;5G4G;GA;CC;AC;1;0;0;0;1;0;0;0;0
0;5;NA;2;1.72;63;21.295294753921;6;2;2;2;1;1;GG;GG;GG;GG;CT;TT;5G5G;GG;CT;AA;1;0;0;0;0;0;0;0;0
0;6;NA;2;1.65;48;17.6308539944904;9;1;0;0;1;0;GG;GG;GG;TT;CC;TT;5G4G;GA;CC;AA;1;0;0;0;0;0;0;0;1
1;7;NA;2;NA;NA;NA;15;2;1;1;1;1;GG;GG;GG;GG;CT;TT;5G5G;GG;CC;AC;0;1;0;0;0;0;0;0;0
0;8;NA;1;1.96;73;19.0024989587672;20;2;2;1;1;1;GG;GG;GG;TT;TT;TT;5G5G;GG;CC;AA;1;0;0;0;0;0;0;0;1
1;9;0;1;1.7;70;24.2214532871972;22;2;1;1;1;1;GG;GG;GA;GG;CT;TT;4G4G;GA;CC;AA;0;1;0;0;0;0;0;0;0
0;9;1;1;1.64;70;26.0261748958953;22;2;1;1;1;1;GG;GG;GG;GT;CT;TT;4G4G;GA;CT;AC;1;0;0;0;1;0;0;0;0
0;10;NA;1;1.91;70;19.1880705024533;17;1;0;0;1;0;GG;GG;GA;GG;CT;TT;5G4G;GG;CC;AA;1;0;0;0;1;0;0;0;0
1;11;NA;2;1.76;66;21.3068181818182;17;2;3;2;1;1;GG;GG;GA;GT;TT;TT;5G5G;GG;CC;AC;0;0;0;1;0;0;0;0;0
0;12;NA;2;1.74;55;18.1662042541947;15;2;2;1;1;1;GG;GG;GG;TT;CC;TT;5G4G;GG;CT;AA;0;0;0;1;0;0;0;0;0
0;13;NA;2;1.67;70;25.0995015956112;25;2;2;2;1;1;GG;GG;GA;GT;CC;TT;4G4G;GG;CT;AC;1;0;0;0;0;0;0;0;0
1;14;NA;2;1.7;90;31.1418685121107;19;2;3;2;1;1;GG;GG;GG;GT;TT;TT;4G4G;AA;CC;AC;0;1;0;1;0;0;0;0;0
0;15;NA;2;1.69;72;25.2092013584959;16;2;2;1;1;0;GG;GG;GG;GT;CT;TC;4G4G;GG;CC;AC;1;0;0;0;0;0;0;0;0
1;16;NA;2;1.7;64;22.1453287197232;21;2;1;1;1;1;GG;GG;GG;GG;CC;TC;4G4G;GA;CT;AC;1;0;0;0;0;0;0;0;0
1;17;1;1;1.7;56;19.3771626297578;17;1;0;0;1;0;GG;GG;GG;GG;CC;TC;4G4G;GA;TT;AA;1;1;0;0;1;0;0;0;0
1;17;1;1;1.78;70;22.0931700542861;17;2;1;1;1;1;GG;GA;GG;GG;CT;TC;4G4G;GA;TT;AA;1;1;0;0;1;0;0;0;0
1;17;1;1;1.86;76;21.9678575557868;17;2;1;1;1;1;GG;GG;GG;GG;CT;TC;4G4G;AA;TT;AA;0;1;0;0;0;0;0;0;0
0;18;NA;2;1.71;76;25.9909031838856;16;1;0;0;1;0;GG;GG;GG;GG;TT;TT;4G4G;GA;CC;AA;1;0;0;0;1;0;0;0;0
1;19;1;1;1.86;63;18.210197710718;10;2;1;1;2;1;GG;GG;GA;GG;CC;TT;4G4G;GA;CT;AC;1;0;0;0;1;0;0;0;0
1;19;1;2;1.64;49;18.2183224271267;9;2;1;1;1;1;GG;GG;GA;GG;CT;TT;5G4G;GA;CT;AA;1;0;0;0;0;0;0;0;0
0;20;NA;1;1.84;120;35.4442344045369;14;1;0;0;2;0;GG;GG;GG;GG;CC;TT;5G5G;GA;CT;AA;1;0;0;0;1;0;0;0;0
0;21;NA;2;1.65;51;18.732782369146;15;2;1;1;1;1;GG;GG;GA;GG;CC;TT;5G5G;AA;CT;AC;1;0;0;1;0;0;0;0;0
0;22;NA;2;1.65;64;23.5078053259871;14;1;0;0;1;1;GG;GG;GG;GG;CC;TC;5G5G;GA;CT;AA;1;0;0;0;0;0;0;0;0
1;23;NA;1;1.93;94;25.2355767940079;27;2;1;1;1;1;GG;GG;GG;GT;TT;TT;5G4G;GA;CC;AC;0;1;0;0;0;0;0;0;0
1;24;NA;2;NA;NA;21;23;1;0;0;1;1;GG;GG;GG;GT;TT;TC;4G4G;GA;CT;AC;0;1;0;0;0;0;0;0;0
0;25;NA;2;1.58;50;20.0288415318058;13;2;3;2;2;1;GG;GG;GG;GG;CC;TT;4G4G;GG;CC;AC;0;0;0;1;0;0;0;0;0
0;26;NA;2;1.85;78;22.7903579254931;15;2;1;1;1;1;GG;GG;GG;GG;CT;TC;5G4G;GA;CT;AA;1;0;0;1;0;0;0;0;0
0;27;NA;2;1.61;45;17.3604413409976;16;2;1;1;2;1;GG;GG;GG;GG;CC;TC;5G4G;GG;CC;CC;1;0;0;0;0;0;0;0;0
0;28;0;2;1.87;59;16.8720867053676;14;2;3;2;1;1;GG;GG;GG;GT;CT;TT;5G4G;GG;CT;AA;1;0;0;0;0;0;0;0;0
0;29;NA;2;1.7;105;36.3321799307958;34;2;1;1;1;1;GG;GG;GG;GT;CC;TC;4G4G;GA;CC;AC;1;0;0;0;0;0;0;0;0
0;30;NA;2;1.62;89;33.9125133363816;19;2;3;2;2;1;GG;GG;GG;TT;CT;TT;5G4G;GG;CC;AC;0;0;0;0;0;0;1;0;0
1;31;NA;2;1.75;70;22.8571428571429;24;2;2;1;1;1;GA;GG;GG;GG;TT;TT;5G5G;GG;CT;AC;0;0;0;1;0;0;0;0;0
0;32;NA;2;1.7;62;21.4532871972318;15;2;3;2;1;1;GG;GG;GG;GT;CC;TC;4G4G;GA;TT;AA;0;0;0;0;0;0;1;0;0
0;33;NA;2;1.68;58;20.5498866213152;17;1;0;0;1;0;GG;GG;GG;GT;CC;TT;4G4G;AA;TT;AA;1;0;0;0;0;0;0;0;0
0;34;NA;2;1.67;58;20.7967298935064;26;2;3;2;1;1;GG;GG;GA;GT;TT;TT;5G4G;GG;CT;AA;1;0;0;0;0;0;0;0;0
1;35;NA;2;1.73;62;20.7156938086805;17;2;1;1;1;1;GG;GG;GG;GT;CT;TT;5G4G;GG;CC;AC;0;0;0;1;0;0;0;0;0
0;36;NA;2;1.7;66;22.8373702422145;10;1;0;0;3;0;GG;GG;GG;GT;CC;TT;5G5G;GA;CT;AC;1;0;0;0;0;0;0;0;0
0;37;0;2;1.71;70;23.9389897746315;17;2;3;2;1;1;GG;GG;GG;GT;CT;TT;5G5G;GG;CC;AC;1;0;0;0;0;0;0;0;0
0;37;0;2;1.75;61;19.9183673469388;18;2;3;2;1;1;GG;GG;GG;GG;CT;TC;5G4G;GA;CT;AA;1;0;0;0;0;0;0;0;0
0;38;NA;2;1.65;67;24.6097337006428;2;2;1;1;3;1;GG;GG;GG;GG;TT;TT;5G4G;GG;CT;AC;1;0;0;0;0;0;0;0;0
1;39;NA;1;2;120;30;29;2;1;1;1;1;GG;GG;GA;GG;CT;TT;4G4G;AA;CC;AA;0;1;0;0;0;0;0;0;0
1;40;NA;2;1.63;86;32.3685498136927;33;2;1;1;1;1;GA;GG;GG;GT;CT;TT;4G4G;GG;CC;CC;0;1;0;0;0;0;0;0;0
1;41;NA;1;1.85;90;26.2965668371074;26;2;3;2;1;1;GG;GG;GA;TT;TT;TT;4G4G;GG;CT;AC;1;0;0;0;0;0;0;0;0
1;42;NA;2;1.6;50;19.53125;40;2;1;1;1;1;GG;GG;GG;GG;TT;TT;4G4G;GA;CC;CC;0;1;0;0;0;0;0;0;0
0;43;NA;2;1.67;56;20.0796012764889;11;1;0;0;1;0;GG;GG;GG;TT;CC;TC;5G4G;GG;CC;CC;1;0;0;0;1;0;0;0;0
1;44;NA;2;1.76;85;27.4405991735537;5;2;1;1;1;1;GG;GG;GG;GG;TT;TC;5G4G;GG;CT;AC;0;1;0;0;0;0;0;0;0
0;45;NA;2;1.73;90;30.0711684319556;19;2;2;1;1;1;GG;GG;GG;GG;CC;TT;5G4G;GG;CT;AC;1;0;0;0;0;0;0;0;0
1;46;NA;2;1.64;57;21.192742415229;7;1;1;1;1;1;GG;GG;GG;GG;CT;TT;4G4G;GA;CC;AC;1;0;0;0;0;0;0;0;0
0;47;NA;2;1.7;58;20.0692041522491;20;2;2;1;1;1;GG;GG;GG;GG;CT;TT;4G4G;GA;CT;AC;1;0;0;0;0;0;0;0;1
1;48;NA;1;1.94;98;26.0388989265597;20;2;1;1;1;1;GG;GG;GG;GG;CC;TT;5G5G;GA;CC;AC;0;1;0;0;0;0;0;0;0
1;49;NA;2;1.72;93;31.4359113034072;46;2;1;1;1;1;GG;GG;GG;GG;TT;TT;5G5G;GG;CT;AC;0;1;0;0;0;0;0;0;0
0;50;NA;2;1.76;57;18.4013429752066;15;2;1;1;1;0;GG;GG;GG;GG;CT;TT;5G4G;GG;CT;AC;1;0;0;0;1;0;0;0;0
0;51;NA;2;1.73;66;22.0521901834341;24;2;3;2;1;1;GG;GG;GG;GT;TT;TC;5G5G;GG;TT;AA;1;0;0;0;0;0;0;0;0
0;52;NA;1;1.9;83;22.9916897506925;9;2;1;1;1;1;GG;GG;GG;GT;CC;TC;5G4G;GG;CC;AC;1;0;0;0;0;0;0;0;1
1;53;NA;2;1.72;77.5;26.1965927528394;30;2;1;1;1;1;GG;GG;GG;GT;CT;TT;5G4G;GG;CT;AC;0;1;0;0;0;0;0;0;0
1;54;NA;1;1.8;75;23.1481481481481;12;2;1;1;1;0;GG;GG;GG;GT;CT;TT;5G5G;GA;CT;AA;0;0;0;0;0;0;1;0;0
0;55;NA;2;1.68;76;26.9274376417234;29;2;3;2;1;1;GG;GG;GG;GT;TT;TC;5G4G;GA;CC;AC;1;0;0;0;0;0;0;0;0
0;56;NA;2;1.84;61;18.0174858223062;14;2;2;1;1;1;GG;GG;GG;GG;CC;TT;5G4G;GA;CT;AC;1;0;0;0;0;0;0;0;0
0;57;NA;2;1.67;77;27.6094517551723;45;2;3;1;1;1;GG;GG;GA;GG;CT;TT;5G4G;GG;CT;AA;1;0;0;0;0;0;0;0;0
1;58;NA;1;1.95;69;18.1459566074951;8;2;1;1;1;1;GG;GG;GA;GG;CC;TT;5G5G;GA;CT;AA;1;0;0;0;0;0;0;0;0
0;59;NA;2;1.65;55;20.2020202020202;11;2;3;2;1;1;GG;GG;GA;GT;TT;TT;5G4G;GA;CT;AA;1;0;0;1;0;0;1;0;0
0;60;NA;1;1.87;73;20.8756327032514;10;2;1;1;2;1;GG;GG;GA;GT;CC;TC;5G4G;GG;CT;AA;1;0;0;0;0;0;0;0;1
1;61;NA;1;NA;NA;24;13;2;1;1;1;1;GG;GG;GG;GT;CT;TT;4G4G;GG;CC;CC;0;0;1;0;0;0;1;0;0
0;62;NA;2;1.78;80;25.2493372048984;10;2;1;1;1;1;GG;GG;GG;GG;CC;TT;5G5G;GG;TT;AA;1;0;0;0;0;0;0;0;0
0;64;NA;2;1.79;71;22.1591086420524;18;2;2;1;1;1;GG;GG;GG;GG;TT;TT;4G4G;GA;CC;AA;0;0;0;0;0;0;1;0;0
0;65;NA;2;1.72;53;17.9150892374256;8;2;1;1;1;1;GG;GG;GG;TT;CC;TC;4G4G;GA;CC;AA;1;0;0;0;0;0;0;0;0
0;66;NA;2;1.77;60;19.1515847936417;21;2;2;1;1;1;GG;GG;GG;GG;CC;TT;5G5G;GG;TT;AA;1;0;0;1;0;0;1;0;0
0;28;0;1;1.96;95;24.7292794668888;18;1;0;0;2;0;GG;GG;GG;GT;CT;TT;5G4G;GG;CT;AA;1;0;0;0;1;0;0;0;0
0;67;NA;2;1.76;72;23.2438016528926;14;2;2;1;1;1;GG;GG;GG;GG;CT;TC;5G4G;GG;CC;AC;1;0;0;0;0;0;0;0;0
1;68;NA;1;1.77;67;21.3859363528999;31;2;1;1;1;1;GG;GA;GG;GG;TT;TT;5G5G;GG;CC;AA;0;1;0;0;0;0;0;0;0
0;69;NA;1;1.82;77;23.2459847844463;13;2;1;1;1;1;GG;GG;GA;GG;TT;TT;5G4G;GG;CC;AC;0;1;0;0;0;0;0;0;0
1;70;NA;2;1.64;65;24.1671624033314;22;2;1;1;1;1;GG;GG;GG;GT;CT;TC;5G4G;GG;CC;AC;0;0;0;0;0;0;1;0;0
1;71;NA;1;1.7;78;26.9896193771626;30;2;2;1;1;1;GG;GA;GA;GT;CT;TC;5G5G;GG;CT;AC;1;0;0;0;0;0;0;0;0
0;72;NA;2;1.7;58;20.0692041522491;18;2;1;1;1;1;GG;GG;GG;GT;CT;TT;5G4G;AA;CT;AA;1;0;0;0;0;0;0;0;0
0;73;NA;1;1.85;70;20.4528853177502;23;1;0;0;1;0;GG;GG;GG;GT;CT;TC;5G4G;GG;CC;AC;1;0;0;0;1;0;0;0;0
0;74;NA;2;1.75;66;21.5510204081633;13;2;3;2;2;0;GG;GG;GG;GT;TT;TT;5G4G;GA;CT;AA;1;0;0;0;0;0;0;0;0
1;75;NA;1;1.82;69;20.8308175341142;10;2;1;1;1;1;GG;GG;GA;GT;CT;TC;4G4G;GA;CT;AA;0;0;0;0;0;0;1;0;0
1;76;NA;2;1.78;60;18.9370029036738;11;2;1;1;1;NA;GG;GG;GA;GG;TT;TT;5G4G;GG;CC;AA;1;0;0;0;0;0;0;0;1
0;77;NA;2;1.75;70;22.8571428571429;15;2;3;2;3;1;GG;GG;GG;GG;CC;TT;5G4G;GA;CC;AA;0;0;0;1;0;0;0;0;0
1;78;NA;2;1.63;64;24.0882231171666;11;2;3;2;1;1;GG;GG;GG;GT;CT;TC;4G4G;GA;CC;AA;1;0;0;0;0;0;0;0;0
